,hydrophobic_sasa,salt_bridges,packing_density,contact_order,ddG
0,60.06441,9,0.7565543071161048,0.018385181788071032,0.1876923076923077
1,59.981533,78,8.867617107942973,0.01586442876539618,0.55875
2,25.197617,40,8.989583333333334,0.13978895516992046,-1.3140909090909079
3,122.99212,250,8.997512437810945,0.005285304404964513,0.666666666666666
4,52.354843,189,9.48076923076923,0.012763501090349341,1.425238095238095
5,29.958612,52,4.065843621399177,0.05375970974261572,-1.1450000000000016
6,7.0179467,6,8.321428571428571,0.13335866261398174,0.5620945319740495
7,8.760116,13,8.838709677419354,0.08266129032258064,2.2204347826086965
8,62.759323,84,9.914141414141413,0.020780448463694534,4.300000000000005
9,15.071398,6,8.309278350515465,0.11200036172906493,0.9999999999999999
10,38.16824,46,9.995402298850575,0.055434822781535276,-0.11600000000000002
11,11.248379,36,9.630057803468208,0.08221782780651049,0.8702127659574468
12,11.67922,14,8.428571428571429,0.11509669369931379,0.2111111111111111
13,9.079779,7,8.918367346938776,0.13209935136845435,-4.0
14,12.537655,14,8.238805970149254,0.05439669124258227,-1.225
15,6.624504,14,9.846153846153847,0.044039929536112736,-0.6557142857142857
16,60.00025,5,2.1220338983050846,0.042995866542728876,0.7999999999999999
17,14.44533,31,9.005586592178771,0.03229582335727587,0.1876923076923077
18,57.509544,61,6.59344894026975,0.029389728513327683,0.19418250950570332
19,11.120635,16,9.01010101010101,0.1258034894398531,0.35875000000000007
20,30.707096,32,8.21195652173913,0.04621910323155574,1.5681308411214951
21,57.329033,86,10.024806201550387,0.0307002705673802,0.38997578692493945
22,4.875888,10,8.357142857142858,0.1286727456940223,0.5620945319740495
23,33.536102,40,9.210355987055015,0.03610336761831523,-0.6000000000000001
24,53.097916,61,7.653846153846154,0.04364716636197441,1.7845000000000002
25,11.121356,11,9.134615384615385,0.10987989705461823,3.492000000000001
26,94.98189,98,9.326470588235294,0.045669054259634884,-6.774285714285713
27,35.58746,53,9.860349127182046,0.0399464709805363,1.375
28,803.71783,1650,9.644915782907049,0.0065805285364231554,0.2583333333333035
29,17.735453,30,9.012195121951219,0.024480292271277144,1.447447280799114
30,24.917574,49,9.726235741444867,0.05674918388090846,1.2177777777777778
31,11.483336,14,9.707692307692307,0.04674883127921802,0.6729305912596402
32,11.922426,13,9.553846153846154,0.04864808216306854,0.6729305912596402
33,33.528152,43,8.598765432098766,0.021472105016408814,1.5705907172995788
34,35.201916,52,9.543859649122806,0.030114969964594025,0.15470588235294122
35,11.425847,31,10.883720930232558,0.0755813953488372,1.6434408602150543
36,58.52047,76,10.148936170212766,0.02629108571805955,3.3249999999999997
37,103.66472,100,10.06418918918919,0.017595641549873833,0.1999999999999998
38,10.410694,5,8.482758620689655,0.1255271644753163,2.3729729729729727
39,8.675355,13,8.903225806451612,0.08150470219435738,2.2204347826086965
40,69.84103,57,9.29520295202952,0.02415628450763035,3.4538461538461536
41,11.028414,13,9.880597014925373,0.0568920105355575,-1.225
42,22.821182,19,10.5625,0.05762296597633136,-0.7047619047619046
43,17.5168,11,10.283636363636363,0.07085015824511623,-0.7116666666666666
44,15.905357,18,9.221374045801527,0.07591178965224767,1.3699999999999999
45,12.409029,7,9.524324324324324,0.18831807013625196,-2.15
46,7.4288855,13,8.935483870967742,0.0703028810637774,0.4
47,9.33908,14,8.857142857142858,0.07903651814423518,-0.1333333333333333
48,22.12414,16,9.209302325581396,0.05828643749858747,0.46666666666666673
49,37.050102,46,9.762626262626263,0.022563639901643406,-2.8049999999999837
50,17.990948,7,8.635416666666666,0.06372484110169492,0.332240437158469
51,15.529357,24,8.881578947368421,0.10978081627044112,1.9274137931034474
52,54.91443,86,9.23076923076923,0.04491418620104947,1.7604819277108281
53,22.1451,51,10.167300380228136,0.06060042894957582,1.2177777777777778
54,9.033706,3,8.622222222222222,0.09772998805256869,-0.4660000000000003
55,18.035345,15,8.935064935064934,0.11549045269975503,1.078925925925926
56,5.1511865,19,8.507936507936508,0.07410911384421318,1.0399999999999994
57,10.288033,21,9.761904761904763,0.0533359497645212,0.47042402826855123
58,11.070857,19,10.134615384615385,0.07866821790309333,2.15
59,26.830465,26,8.353846153846154,0.027229693383539536,0.3525
60,19.512785,24,9.109375,0.052928545321637425,0.9451612903225808
61,21.74913,22,9.821138211382113,0.06443745082612116,1.4
62,18.069784,7,9.822916666666666,0.06497535842293907,0.332240437158469
63,6.4663553,6,9.433962264150944,0.11811023622047245,-0.5599999999999994
64,15.341782,33,9.018867924528301,0.060810392824002475,0.9881553398058244
65,21.593964,8,7.767441860465116,0.11250299688324142,1.6858921161825575
66,7.5156345,13,8.68421052631579,0.1286628733997155,1.5073684210526315
67,8.851759,13,11.146067415730338,0.08491789109766637,0.2491803278688524
68,28.081066,19,10.102564102564102,0.03346878346878347,-0.588
69,22.115112,41,9.591623036649215,0.027573511218440403,-0.5479069767441862
70,9.164325,17,9.795918367346939,0.17444305966661475,1.7870967741935486
71,63.85521,29,10.880184331797235,0.016036648987044603,-0.7649999999999999
72,10.732118,7,9.098901098901099,0.16098647895882917,1.5681308411214951
73,15.107708,14,8.75,0.1373615506329114,1.2766451612903307
74,8.222966,12,10.03225806451613,0.08354642014162077,2.2204347826086965
75,11.192938,22,9.702380952380953,0.05378904249871992,0.47042402826855123
76,13.481317,14,4.112903225806452,0.06889051808406647,1.8200000000000005
77,27.103352,18,9.625,0.07654961953075459,0.999
78,7.142759,20,10.63768115942029,0.05556847244826784,0.849295774647887
79,77.12256,118,8.969072164948454,0.03321185030068729,1.7604819277108403
80,14.095531,7,7.214285714285714,0.05676020408163265,0.24999999999999983
81,50.0825,96,8.485294117647058,0.07498877413560845,0.17500000000000074
82,7.273611,26,8.818181818181818,0.06629994209612043,1.0399999999999998
83,45.807022,103,9.995327102803738,0.028797286234204147,0.9800000000000001
84,26.621723,26,8.657407407407407,0.0474453166935051,-2.38
85,37.699936,70,8.995798319327731,0.017652325554177103,2.728333333333333
86,18.314348,24,8.890995260663507,0.06370942060206432,-0.6
87,23.167213,19,7.750741839762611,0.06853547980092993,0.999
88,20.203365,64,9.571428571428571,0.06506769374416434,1.760481927710849
89,38.970528,93,9.943548387096774,0.03253260123541524,-0.3125000000000001
90,16.327662,29,9.46808510638298,0.050584206481238264,0.15470588235294122
91,35.972816,96,9.818181818181818,0.02418961509870601,1.5999999999999985
92,11.398945,6,7.940298507462686,0.16213574982231696,0.24022988505747112
93,35.17276,58,9.376344086021506,0.07111687082466625,-0.5970103092783505
94,10.022039,18,9.121495327102803,0.1581335500474062,1.6658241758241736
95,10.298357,22,9.845238095238095,0.053253968253968255,0.47042402826855123
96,16.051083,12,11.414634146341463,0.03383162863886704,0.85875
97,16.568214,30,9.573643410852712,0.09287025703794369,2.171052631578948
98,18.140324,25,8.596273291925465,0.09666240841078953,5.204999999999998
99,20.795525,25,8.75,0.10489473684210526,5.205
100,21.330807,32,9.074285714285715,0.09701473414477899,1.7333333333333334
101,22.204784,52,10.200527704485488,0.04313647225922835,-0.70375
102,28.457924,21,9.533596837944664,0.05676621079999335,-4.387499999999999
103,41.377502,85,7.266159695817491,0.037088748425904414,1.3794318181818186
104,10.940026,27,9.264705882352942,0.07222265564050555,1.9018793753365597
105,9.530273,13,8.87037037037037,0.0830173176589559,-0.22356687898089245
106,41.093918,66,9.273972602739725,0.024888688473975854,0.7580000000000001
107,35.24689,22,8.8989898989899,0.01676299537262104,-0.3
108,14.818059,21,10.13740458015267,0.05144189991518236,-2.15
109,11.491982,14,9.6,0.04668655444278713,0.6729305912596402
110,63.057404,11,7.306306306306307,0.01924409616717309,0.6291666666666687
111,32.94066,30,8.874213836477987,0.06745026553979941,1.0789259259259263
112,15.863096,11,10.033519553072626,0.06165085451720604,-0.5433333333333333
113,16.687504,11,9.798882681564246,0.06178243082743149,-0.5433333333333333
114,8.701574,13,8.870967741935484,0.08226805153300709,2.2204347826086965
115,69.29523,57,9.300184162062616,0.024268856593802547,3.4538461538461536
116,51.848698,60,10.022408963585434,0.03160241917403413,1.0333333333333334
117,20.267408,23,8.412213740458014,0.09087372976126805,2.8111538461538457
118,10.07713,4,8.231884057971014,0.14986824769433466,0.5037037037037038
119,13.693029,10,8.78048780487805,0.06335128286347798,-0.2808333333333333
120,15.133295,31,9.0,0.07642233594220349,1.9714285714285713
121,8.087462,10,10.101694915254237,0.18668631785802012,-1.1500000000000001
122,39.003075,13,8.666666666666666,0.09651469842435689,0.7938095238095237
123,15.536412,23,9.137254901960784,0.10604829151004097,1.9274137931034474
124,31.319572,55,9.419558359621451,0.035062374533983365,1.5845454545454558
125,6.4052725,8,9.557142857142857,0.12614213197969543,0.25
126,8.052585,8,9.788235294117648,0.13101604278074866,-0.8263636363636364
127,28.626965,98,9.62079510703364,0.01716365052350309,0.001666666666666668
128,73.30995,84,9.682584269662922,0.03552938419825268,3.89
129,19.076176,20,9.140096618357488,0.0699548936397363,0.5115625000000004
130,17.734058,18,8.955974842767295,0.10627810584601598,1.078925925925926
131,57.814434,87,9.928902627511592,0.030710407276434936,0.38997578692493945
132,7.202994,15,8.491228070175438,0.17506532288167226,0.938394160583941
133,14.891372,14,9.024390243902438,0.06418613735686907,-0.24666666666666667
134,54.836765,59,10.073239436619719,0.03263810987854363,1.0333333333333334
135,25.363684,80,9.780821917808218,0.046972644125315564,1.2233333333333338
136,17.682137,6,8.677083333333334,0.06600497903563941,0.332240437158469
137,23.978401,71,9.686486486486487,0.0690963690963691,1.379431818181818
138,18.708992,25,9.187096774193549,0.09605078615191555,-0.15429149797570843
139,11.579369,8,9.410852713178295,0.05117992205233629,0.9909923664122139
140,32.125,77,9.57421875,0.03880160812043796,1.6668316831683416
141,45.73678,117,10.156808803301239,0.011758683540024238,0.55875
142,37.483433,55,9.14975845410628,0.030956965739574436,1.3375000000000001
143,58.659115,80,9.65032679738562,0.031783159053384705,0.38997578692494367
144,13.718323,17,9.256198347107437,0.051175142084232995,0.05274509803921574
145,7.3543463,9,9.057471264367816,0.138438812722153,-0.534
146,5.2720947,15,8.826666666666666,0.045066666666666665,1.948181818181819
147,32.07986,37,9.266490765171504,0.07791894479418764,0.0
148,32.320267,34,10.830357142857142,0.033887486794224674,-1.9
149,39.560116,94,9.817813765182187,0.033000526087055976,-0.55
150,52.92501,45,9.718260869565217,0.030256366962149995,0.925
151,7.503795,12,8.538461538461538,0.05697474167623421,-0.6557142857142857
152,10.692616,56,10.054474708171206,0.0648057595871741,0.41499999999999987
153,16.744144,40,10.855555555555556,0.059248170326014635,0.3459999999999999
154,33.08846,43,8.580246913580247,0.021121161663891514,1.5705907172995788
155,17.17782,30,10.795918367346939,0.023703231292517005,0.938394160583941
156,15.734804,34,9.206106870229007,0.10676420695504665,0.26844444444444443
157,23.807127,37,9.853211009174313,0.05205063978754225,1.81875
158,8.702726,6,10.32183908045977,0.12509017457798297,-0.534
159,26.881172,141,9.7890625,0.03608183808379121,0.9111111111111112
160,24.395372,37,10.863468634686347,0.05115421982402766,3.4
161,12.267432,17,10.464,0.06864596273291926,0.9081967213114754
162,10.346689,12,8.777777777777779,0.0412257495590829,2.8562499999999997
163,8.171985,11,9.24561403508772,0.15294886151549086,0.9695652173913044
164,13.12491,18,6.9787234042553195,0.09373643074250977,-0.1
165,57.002373,90,9.38989898989899,0.03957227544108214,1.1
166,13.284369,9,8.183098591549296,0.08007158975955178,2.3
167,10.10319,33,7.565789473684211,0.0952488981073373,-0.02769230769230763
168,10.748345,29,9.205882352941176,0.07111200644641419,1.9018793753365597
169,14.0554905,10,10.067415730337078,0.1656741573033708,-2.62
170,31.337542,35,9.897435897435898,0.02427867457310712,0.38000000000000006
171,7.7476244,14,9.09375,0.07734929078014184,1.2
172,24.326777,16,9.101449275362318,0.045125948930296755,3.1
173,23.261261,51,10.20532319391635,0.05929406700624148,1.2177777777777778
174,23.145338,49,10.144486692015208,0.06064791690027421,1.2177777777777778
175,12.192582,13,9.507692307692308,0.04445162680456798,0.6729305912596402
176,8.116238,9,8.352941176470589,0.11534025374855826,0.6938709677419356
177,18.154617,7,8.722222222222221,0.11357161357161356,1.807582417582413
178,20.068918,37,9.341666666666667,0.025365947611710325,0.05274509803921509
179,10.488432,15,10.16822429906542,0.16749519453834427,1.6658241758241767
180,15.171695,30,8.961832061068701,0.10720405937729509,0.26844444444444443
181,12.734522,12,9.38562091503268,0.0313895623325252,0.85875
182,18.900223,27,8.702290076335878,0.10079594116551853,2.8111538461538457
183,6.7484784,8,10.044444444444444,0.07825261158594492,1.5838709677419356
184,35.46184,47,9.276807980049876,0.03442750589589375,0.07999999999999999
185,20.096691,6,8.935483870967742,0.039348204660419606,1.4513548387096773
186,8.359076,17,9.444444444444445,0.15268648930620762,1.7893636363636367
187,17.577963,21,9.798657718120806,0.0561877897740168,0.6938709677419352
188,10.51867,15,10.563106796116505,0.038412832418742084,1.213888888888889
189,16.075268,10,10.53763440860215,0.19325321526460046,-1.975
190,21.589937,76,10.200573065902578,0.04086431287467236,-5.886000000000001
191,9.393037,7,10.790697674418604,0.0722078667815102,0.4813333333333333
192,31.059248,15,8.598540145985401,0.11904481594851267,2.4083333333333337
193,61.884727,130,10.067934782608695,0.04188967311341877,3.1
194,17.162165,38,9.581699346405228,0.03139257161653867,0.4834693877551021
195,38.009712,90,9.995926680244398,0.03263378494052362,-0.3125000000000001
196,15.555543,17,8.531468531468532,0.0712765495374191,0.9700000000000001
197,14.803092,12,9.008130081300813,0.06412909583641291,-0.24666666666666667
198,8.243979,15,8.795454545454545,0.11896745230078563,1.441851851851852
199,19.257517,20,9.061224489795919,0.07231461286804798,0.6
200,9.042288,9,8.771929824561404,0.1542029534267323,-0.2647058823529412
201,12.493931,18,9.096153846153847,0.09904918501572778,1.55
202,47.18332,82,9.969040247678018,0.026764481536321626,2.7
203,22.320372,48,10.062992125984252,0.04586282259464649,-0.70375
204,42.51104,50,9.56060606060606,0.044339733347776245,3.13913043478261
205,7.893721,8,8.956521739130435,0.0754014884449667,1.5838709677419356
206,16.84406,15,8.779661016949152,0.09488089784699955,1.385872576177303
207,19.89677,16,8.272727272727273,0.08515881708652792,0.2507692307692308
208,15.453067,25,8.948453608247423,0.1525360824742268,1.5329896907216716
209,33.541958,30,8.786163522012579,0.06944875128211245,1.078925925925926
210,28.309128,16,8.297029702970297,0.02773963527739635,-0.7090000000000629
211,35.842175,53,8.782857142857143,0.044049058559336676,-1.3140909090909079
212,128.1252,171,10.2243947858473,0.010696267378639325,-0.5433333333333333
213,9.889269,24,8.875,0.041807432432432436,0.7249999999999993
214,77.12701,158,9.508607198748043,0.00616762850734504,0.938394160583941
215,13.894835,26,9.03225806451613,0.08923910366904703,0.6583333333333349
216,57.578987,85,9.318339100346021,0.02633891139270404,0.9966666666666666
217,27.327526,24,8.631067961165048,0.03676010021922956,1.1575
218,14.921487,65,9.661971830985916,0.06804392244942523,1.008823529411765
219,15.100414,3,9.575757575757576,0.18751094762655457,0.23200000000000004
220,6.81086,19,9.203703703703704,0.03561253561253561,0.7
221,24.568083,37,8.767241379310345,0.04690019243771779,0.9258823529411766
222,35.060173,14,6.340909090909091,0.0420630067491054,1.5333333333333332
223,22.843578,23,10.91005291005291,0.061617759034733204,-3.307692307692307
224,14.300875,22,9.012987012987013,0.030860228880030857,0.6346153846153846
225,6.838395,10,8.452830188679245,0.12114405510631926,0.6
226,17.040665,29,9.0,0.025333543026395112,1.447447280799114
227,14.596416,3,9.085106382978724,0.10643926601373409,1.5681308411214951
228,158.65518,433,9.470252648736757,0.009135821840522532,0.04533333333333275
229,14.747805,20,3.4153846153846152,0.14775036284470247,1.276645161290368
230,7.656409,4,9.857142857142858,0.13405797101449274,0.5620945319740495
231,14.63348,33,9.48091603053435,0.09647884216564444,0.26844444444444443
232,22.680723,39,9.339449541284404,0.05378679664835732,1.81875
233,30.584726,16,8.192513368983958,0.03491797335266927,0.9966666666666666
234,20.986568,33,10.019867549668874,0.04426897605705553,0.7999999999999999
235,16.553997,31,8.994818652849741,0.05259556163847883,1.4883495145631067
